ID,FirstName,LastName,Email,Gender
ff839358-32e6-4e15-8355-3ba5f2eb8e0f,Maxwell,Ernser,Sedrick_Emard13@yahoo.com,male
aba57deb-7208-4b24-a0d4-b2c23739f711,Torrance,Pouros,Laurence.Botsford@hotmail.com,male
9ec76a23-1a32-46d3-9106-f93725e1d76b,Blanca,Blick,Andreane_Bailey77@gmail.com,female
2651e90e-85a4-4f79-b217-d42b4b113a95,Amie,Lubowitz,Fatima13@yahoo.com,female
d2687129-b12d-4564-9e81-2e78ac70d622,Elmo,Abernathy,Graciela.Monahan1@hotmail.com,male
31dac3d6-06f6-4a49-ab10-7bb93f758a41,Jacky,Wuckert,Judge37@gmail.com,female
3e1d7746-1abf-4140-823c-9b61be90f515,Claudine,Nitzsche,Noemie20@gmail.com,male
7a868707-4b03-47af-937f-e190f40f4253,Alvera,Greenholt,Mariam.Emard35@gmail.com,female
e5b88c7f-4484-4ac1-9751-53ccc2c8be6f,Joana,Tillman,Deron.Frami4@gmail.com,female
41fb8fa7-6fde-47c0-ba41-5401726d1a4d,Felix,Hettinger,Ricky.Feil78@yahoo.com,female
2812905c-f21a-4b24-a7a4-33942ac23043,Fred,Muller,Cecil22@yahoo.com,female
e8121cc9-322e-493b-b30b-60c59e66b7af,Maximillia,Cassin,Marjory.Bahringer88@gmail.com,female
5d13d765-bd9c-403f-af68-fab691b579fc,Armando,Kuhic-Dibbert,Eldred.Howell@yahoo.com,male
18210d96-718c-4263-b53b-0910851b1645,Helena,Luettgen,Kade85@hotmail.com,female
b4fda899-ef96-4549-8c07-291c73bfa950,Dino,Fisher,Kari.Hammes77@hotmail.com,female
e1929778-b8ec-4998-a57f-c5d4a93d925d,Alvina,Leuschke,Fannie29@gmail.com,female
38f838dd-4e41-4859-a89e-4db70650e09d,Everett,Douglas,Ford22@hotmail.com,male
484f8110-2f42-4543-a9e3-34a1ad271c19,Javon,Haag,Maria.McCullough93@yahoo.com,male
1ca5b50d-ff06-4266-a8fb-6e2203f8a312,Vernice,Wiegand,Ford.Schoen98@yahoo.com,male
690cd388-ff17-495e-8b2a-abbd0131e760,Vella,Bayer,Kamron_Goldner@hotmail.com,male
0ff36885-d60c-40b6-bd6d-764d35f24842,Aidan,Witting,Claude_Kozey@hotmail.com,female
04c245eb-0db7-4a3d-b10f-5a9a8cd29f77,Anabel,Cole,Favian41@gmail.com,female
dbcee520-22a3-426e-a9f4-2a4ed0e69027,Zack,Rogahn,Brent_Brown@yahoo.com,female
88f2acc7-7fb4-412d-bfcb-2797fd9b5544,Kathryn,Douglas,Mozelle_Boyle78@hotmail.com,male
8c6c7436-8133-4299-b384-f8f2ce0df199,Katelynn,Emmerich,Xavier1@gmail.com,male
5329f000-6e08-449c-be05-279f4d00e123,Marcos,Macejkovic,Dandre.Robel@gmail.com,female
ed17ec3b-304c-41eb-beb4-ab90f92eb498,Erich,Lang,Christian44@hotmail.com,male
168c20de-3410-4457-b1ba-c06be7066504,Tia,Stamm,Reinhold.Brakus13@gmail.com,female
5a0e3426-82b7-4fee-b274-eeb3470c137f,Deangelo,Fadel,Billy96@yahoo.com,male
b2a187ac-1b90-4a12-9b8c-f7d3b802f654,Bud,Wisozk,Brandt62@gmail.com,female
1e7fcf6c-5e0e-47d7-b54d-6c590b06a505,Alison,Bechtelar,Orval.Runte@hotmail.com,male
ecc5c283-6792-4410-825e-5c0eab08e9be,Finn,Murazik,Haleigh82@yahoo.com,female
e9130c36-a9d4-48c4-8f2b-0695c9ad17f5,Maeve,Spinka,Una75@gmail.com,male
31eba582-2495-499a-8c5d-4cc70b968347,Keyshawn,Conn,Jeffery.Reichert21@gmail.com,male
bfc64eac-cec9-4431-b3cf-ca3ff0ee276a,Kody,Grant,Joel_Murazik-Lockman@gmail.com,female
2a4185aa-6b64-4822-b1c6-505700d44194,Arnoldo,Veum,Dean26@gmail.com,female
476a0726-9a26-4780-851b-77630c736054,Rickey,Hammes,Emelie66@gmail.com,male
700c0519-dfbd-42cc-9b7c-57528d7b61a1,Gudrun,Lemke,Randall.Schinner@hotmail.com,male
3fd54d43-83d1-41a0-bf47-4f88d8415c50,Edgar,Kling,Alexzander22@gmail.com,female
5739e6e3-a3dd-43bd-9231-df2c63f87f50,Harrison,Wuckert,Vernie_Rippin51@hotmail.com,male
c2475a1c-4c1c-4668-a277-9f6a85d393ed,Jay,Pfannerstill,Mina_Goodwin2@hotmail.com,male
207c65f8-65d5-4663-9e18-406ca1149968,Jaime,Donnelly,Marquise.Connelly@gmail.com,male
24d5b14c-0b8c-449e-a3eb-174617050372,Brennan,Veum,Giovanna_Deckow@gmail.com,female
0931e06b-7cc9-42c5-a21e-476853f3e27f,Jerad,Torp,Magnolia.Koss@gmail.com,male
d0381356-e461-42af-83f4-d95ea2b7a89d,Toy,Fritsch,Suzanne79@hotmail.com,female
fd157081-b567-4f9b-babd-48041352d1ab,Ciara,Kessler,Delaney.Haag@yahoo.com,female
0edb9af4-bacd-4631-b037-9a400849ac65,Myrna,Pouros,Ettie91@yahoo.com,female
c7b1ed34-3207-45c9-a01a-40f3794408c9,Caitlyn,Smith,Zola2@yahoo.com,female
e88c8221-4ae5-433e-9e08-b9946bc3b610,Silas,Rosenbaum,Camilla.Stoltenberg81@hotmail.com,male
cd8cf099-f1e3-4378-b85c-6094ff1bc18f,Leonard,Kris,Clinton_Dare15@hotmail.com,male
b909a5d8-e6ab-4050-a69f-42cb564a5a60,Laura,Leannon,Bailey42@hotmail.com,female
0ddfc5a2-a2c7-4ae8-9c0a-43bb20e24324,Gina,Bailey,Abby.Kessler@hotmail.com,female
9b566bb0-3ae7-4518-b9a5-0097f8b3a3ef,Allen,West,Nicolas_Little@yahoo.com,female
8abbde27-bcc6-40e1-87d1-ee251fb6ffdf,Daron,O'Kon,Ned.McGlynn@gmail.com,female
0409750e-38f6-4635-b1ef-201969c8b283,Carole,Morar,Aditya.Cummerata86@hotmail.com,female
b4810647-1ef2-4da5-af35-77a44cb9db18,Edmund,Zieme,Lyla_Farrell@hotmail.com,female
de5ad083-a53a-4c45-b66e-d6bd383c5d43,Precious,Cronin,Jerrod99@gmail.com,male
e878a013-70f6-4590-8fe2-fd7d699a8985,Bailey,Johnson,Haven86@hotmail.com,male
c79aab40-a30d-4bb0-ab4a-391f7e8de42d,Johathan,Greenfelder,Coy67@yahoo.com,male
c4fbe73a-4b3c-41d2-a40e-89bbd4ddd7bc,Camille,Barrows,Alexandra79@hotmail.com,male
05a3fe61-b01e-41b8-900f-6e9eef9ec853,Monica,Moen,Deanna_Stracke54@hotmail.com,male
77454e4e-a792-46a5-b3f1-b5e81ffd37ab,Lula,Koch-Haley,Narciso_Swaniawski@hotmail.com,female
5f507c9b-4379-4407-9c2a-9c6e341553e2,Trent,Schmeler,Malinda_Mayer25@hotmail.com,male
cba7eae2-2cbd-4b24-9430-26ab5f131694,Ludie,Lockman,Giovanni_Volkman66@hotmail.com,female
e53ac602-dfb1-432b-8ac1-182a02b2751b,Maribel,Larson,Kenton.Yundt@hotmail.com,male
bda8389f-58ab-4404-a818-04d0ba4e7cfe,Emilie,Koepp-Rolfson,Issac_Heathcote50@hotmail.com,female
ada11379-a5ff-4d4b-9678-ecb1a45ea137,Arno,Padberg,Kaleb.Larkin@hotmail.com,female
fc2c23d0-848e-4016-9d1b-65128dcae0cd,Elizabeth,Ward,Dereck_Stamm45@gmail.com,female
d516c59b-6eae-4662-8617-944ec391e03f,Kip,Reichel,Antonietta_Prosacco94@gmail.com,male
e85d14bb-056a-4100-bfa8-9fd2b8bdb366,Rebeka,Luettgen,Paul82@hotmail.com,male
26bbc757-9868-48cf-98cc-993a2c70895b,Garrett,Hane,Ashley24@hotmail.com,male
fb7bbd21-bd20-4540-b159-578a0ce9dbef,Reinhold,Goodwin,Rosalind_Kunde@hotmail.com,female
e12f4b75-fddf-4d4d-a85e-d224b4c8d7dc,Grayson,Gutkowski,Wendell_Lowe@hotmail.com,female
e880f17d-4a13-435b-bdfd-ed8673dd2a55,Bruce,Runte,Leta.Yundt@gmail.com,male
ee2a572a-3195-4129-a3a5-ef191b06af60,Gordon,Parker,Gladyce.Deckow36@gmail.com,female
1ab9d6c7-888b-48aa-b055-25289aa7c125,May,Barton,Jamar_Kuvalis41@gmail.com,female
b4d56823-c68e-41c6-a4bf-503bed7400e9,Jaylon,Sipes,Imogene_Herman48@gmail.com,male
801c562e-1565-45fe-ac30-9ebe43c9ee77,Orpha,Dickens,Hanna_Fisher-Simonis82@gmail.com,male
b27703bb-73f3-4abe-869b-ca14625f78af,Dustin,Bechtelar,Alejandrin90@yahoo.com,female
cb70c622-8ab6-4271-99f9-ab795eb0f38e,Dandre,Jones,Randy.Turcotte62@gmail.com,female
3ac25438-c733-4963-b099-a3a4e81ff73d,Florida,Oberbrunner,Darrel47@gmail.com,male
226c92a4-8351-4a0c-b5d3-ca1c98e40337,Giovanni,Reichel,Ezekiel.Boyle30@yahoo.com,male
83666aaa-a619-495c-bea5-45a6629cb728,Gino,Jast,Friedrich_Maggio@gmail.com,female
c56161d7-6a01-491a-b77a-348f6122d3e4,Jazmyne,Prohaska,Clair.Fisher@hotmail.com,female
21ee725f-67e2-4dc2-a2d9-7226072d30d1,Elna,Ernser,Kacie.Langworth3@hotmail.com,female
271da973-9efb-48ab-ad8e-3a7547cee3b9,Norwood,Keebler,Arnold.Heidenreich@hotmail.com,female
453a3d55-a7be-4362-816c-aaedea74c64c,Kaleb,Deckow,Mitchel_MacGyver@gmail.com,male
b70e991d-a82f-4122-b8f1-7199667e6fd8,Tracy,Schmeler,Maddison_Morar1@gmail.com,male
f9f49701-381a-4cbc-a151-f219dbee7a84,Casimer,Satterfield,Arvid1@gmail.com,male
31ee4615-9087-4d34-9622-460e2fc0159c,Beryl,Hirthe,Glennie_Murray@yahoo.com,female
62a46351-f4b8-418e-b927-b078dd5a9f22,Tressa,Stracke,Constance_Russel28@gmail.com,female
14b84f06-6b2f-40f0-8f55-2b6added2a0d,Emilia,Kihn,Frieda.Stanton@yahoo.com,male
dae9310f-741a-4678-bf20-b7473960e4cf,Emerson,Morissette,Adrain.Heller63@hotmail.com,female
6b960eee-c3fd-4492-9624-1b91a48c2be1,Callie,Wiegand,Triston_Hilpert@yahoo.com,female
fb1a8949-bb45-4fe7-a425-d16f53482676,Evangeline,Larkin,Vidal_Marvin39@yahoo.com,female
d9d4ecb2-67e3-4b46-ab2e-0bbdc1f628e3,Walker,Torp,Jacquelyn.Gerhold12@yahoo.com,female
312d2adf-0d6a-4708-bdb4-4f3bc2b90eb2,Patience,Ebert,Shanny_Pacocha74@yahoo.com,male
e7008e4b-d6f2-4295-b760-6512a0e5cfd5,Oliver,Friesen,Lowell.Cole49@gmail.com,female
eb38894d-80a2-494a-83fc-d3cd16ce8add,Flavie,Ruecker,Jayce24@gmail.com,male
07e203c5-3cfc-445f-942d-e3c92e9cca2e,Breanne,Abernathy-Beahan,Marcelle99@gmail.com,male
0b1b9a0b-645e-46c0-8d7a-2c09358b248e,Gia,Ratke,Reta_Powlowski@hotmail.com,male
cfa2a22e-d2a8-411d-8093-c5a7352790f1,Paris,Lesch,Angelita_Kshlerin@yahoo.com,male
6bd08ad2-2da2-44ca-bf91-c4a183cb2e1e,Maggie,Yundt,Royal.Hudson@hotmail.com,female
30851bd7-4dc7-4d07-aac8-7504b728392c,Dawson,Wisozk,Cydney3@yahoo.com,female
b79ed99a-6648-4b41-b1d6-55d5b8fad877,Hank,Romaguera,Zoey_Hessel15@yahoo.com,male
a6bdb693-2193-4ebd-87ce-36563602a302,Kiarra,Littel,Lloyd.MacGyver@yahoo.com,female
60c839bd-3f73-4f68-899a-56032d1004b4,Mariane,Roob-Buckridge,Dasia_Goodwin72@gmail.com,female
d229d80e-d1db-49ff-a2c9-9585f9c34c61,Breanne,Maggio,Roderick.Legros@hotmail.com,female
37778b71-90af-4a56-a064-ae0f3ec50d4f,Dortha,Reynolds-Schaden,Micheal.Lemke@yahoo.com,male
e806cec8-e51b-4def-aa2f-8b74cb16e91a,Jeremie,Ratke,Golden_Bruen@hotmail.com,male
8b117d44-c0e4-4f0e-83b8-288ace4ca0c1,Tad,McLaughlin,Ruthie.McLaughlin@yahoo.com,male
7bffce2e-be80-4aa9-a3c2-d9a6a83e48b9,Lacy,Brakus,Samson91@hotmail.com,female
837bf8e7-f8a2-4609-983b-756270291ffb,Melisa,Herzog,Amy.Abernathy@gmail.com,male
7ca1cd80-fe1f-4e17-997c-bdc2098d5718,Lenna,Bernier,Gudrun_Cole97@hotmail.com,female
81be704f-e511-409e-8d17-d93675370c78,Angela,Durgan,Tyler84@hotmail.com,female
5db16c33-f5d2-4dc0-a0ea-2861ba801fea,Winston,Kerluke,Mabel37@yahoo.com,female
fe46e3d9-aba9-4fa7-8e00-03fe58c36dae,Lizzie,Kihn,Myra_Rodriguez62@yahoo.com,male
e67208f2-d53e-4c46-8b55-1c6489a3504b,Johnpaul,McLaughlin,Loren_Hintz48@hotmail.com,male
6bb6088a-131f-4a92-9b47-425289f604b6,Orrin,Rempel,Crystel_Stehr18@hotmail.com,female
1c5a3d9c-6595-4d69-9168-c3e089f5aa33,Sherwood,Hoeger,Arch63@gmail.com,female
267a0938-2443-4c04-9432-22287acff8cd,Hubert,Sauer,Zelma.Brekke48@gmail.com,female
4cf745d9-e610-4c4a-8af8-5d438986d735,Teagan,Jast,Beaulah84@gmail.com,male
35f6f7c8-12a0-49ea-8c6c-0789fecd38f5,Jammie,Sawayn,Roman61@yahoo.com,female
05fac306-8c7b-41d3-b090-243bf5784d55,Ollie,Robel,Dock84@gmail.com,female
50a4d654-c5aa-439f-b434-539193d9497f,Lillian,Harber-Walker,Beverly90@yahoo.com,female
9162b107-4331-45fc-a5f1-b4da6fb67752,Milford,Effertz,Concepcion.Mante@yahoo.com,female
6c51dfcf-bfbb-4afd-915d-68cea6479dce,Benton,Hilll,Brady.Moore@gmail.com,male
5b070a2b-0e08-4424-959c-b75372d53a40,Nico,O'Reilly,Raymundo83@hotmail.com,male
42718fe2-2e29-4c28-8fda-4e3c17ff7b85,Lilliana,Botsford,Chance_Nolan99@gmail.com,female
037df5c3-6b90-4469-98d4-40904ed0b617,Brielle,Bednar,Georgianna44@yahoo.com,female
a474dc2f-ac3b-4dee-abca-d9405b1d8e81,Dalton,McDermott,Philip.Glover78@yahoo.com,male
095dbb51-a406-4334-a64b-7c5da6555e82,Jewell,Spinka,Alexander35@yahoo.com,female
8cecad4e-505a-483c-948d-f5e4b3d7b7df,Angelo,Schinner,Dorthy4@gmail.com,female
a0fe5f41-72bd-4f0d-be42-b3576aeb39ee,Tavares,Wintheiser,Felicita.Mayer26@yahoo.com,female
296b3853-0cd8-43e5-af03-7b92065e05b8,Alexandro,McDermott,Sophia.Cormier@gmail.com,female
1775f7f5-73d3-4c8a-8bc3-736960f41d5c,Sherman,Fisher,Evie.Schroeder@hotmail.com,male
01ea7d9f-f9fd-49c6-b7c9-d1d2f2c44a43,Caleb,Ritchie,Nelson_Hudson81@gmail.com,male
1260bb98-bd8b-4944-ab78-d34bb931624b,Creola,Nienow-Nienow,Mauricio.Emard@yahoo.com,male
e5d56130-e8c0-4999-9116-30a3b159ef12,Jimmy,King,Rahsaan60@hotmail.com,male
2847f1d9-e74e-4b1e-a04d-138a022a3350,Berniece,Kirlin,Leonel4@hotmail.com,female
f8c0356b-df77-4355-923c-575689fc37f0,Celestine,Heathcote,Newell.Cruickshank-Corkery@yahoo.com,female
cafbc52a-67e3-4c4a-8f1f-f9f5fcb2af11,Yolanda,Gutmann,Rachelle.Cassin69@gmail.com,male
4a1b33e8-f7b0-49c9-999c-b3e103b16218,Valentine,Zboncak,Clovis_Bode@gmail.com,male
7d382594-a61f-4e90-a0a7-430d1d599838,Marcella,Willms,Vivianne.Bashirian-Bogisich99@gmail.com,male
448044cf-3f1d-409b-b604-4e369e89213c,Kim,Dibbert,Agnes91@hotmail.com,male
bea9e950-4f3b-46c4-908b-ce428fc59fe6,Jarred,Schroeder,Tia65@hotmail.com,female
5fda0a18-a9f3-41e0-be83-cbc8ae57ce9c,Elta,Crona,Ansley89@yahoo.com,male
4f9cab86-20ae-4e7e-9f52-4d1197e90b61,Liliane,Beer,Wilber72@gmail.com,male
f4068645-5237-4222-ac19-8e2448b56a89,Alphonso,Kuphal,Fernando_Price@gmail.com,male
94b00ebf-8185-4207-ba41-85c35e5f87ba,America,Conn,Laura_McClure@gmail.com,female
73150448-11b2-4e8d-b6f5-327c8de85397,Rusty,Christiansen,Elvie66@yahoo.com,male
20099218-1954-497c-9380-0c4560c16f94,Jaquelin,Wyman,Will38@hotmail.com,female
42ac3109-9afb-41dc-bc11-bd31b588ceae,Beulah,Stark,Xzavier.Graham88@gmail.com,male
a98e581a-1d33-4045-94f0-c53cc415d62c,Heaven,Sawayn,Ramona.Grady66@hotmail.com,female
2f79e5ee-adfb-4929-9f6a-640a3c4fab61,Deborah,Waters,Audie.West13@gmail.com,female
22d054f2-43cc-42ef-ba18-73db90bcc104,Modesto,Wintheiser,Kevin_Langosh6@yahoo.com,male
c81b4a71-b5f6-449b-b5a9-a635b4f25d2d,Tamara,Hilpert,Herbert_Murray@hotmail.com,female
a5968185-fb2c-4cbd-be88-a27294d3ed39,Esta,Stamm,Florencio.Gleason49@hotmail.com,female
2f7868c0-acdf-4bfd-aedc-c861ee3665e0,Vita,Schinner,Casper_Kessler@hotmail.com,male
eaba6dea-6b5d-4797-8980-de7dbc5e776c,Hilma,Halvorson,Jessika_Lowe40@yahoo.com,male
98f5accf-3bb6-4d41-bd98-24a9c44936db,Ned,Fay,Tianna27@yahoo.com,female
d7fedb4e-5ec8-4199-98cd-6a19646f40e3,Carley,Prosacco,Tressa_Zboncak@hotmail.com,male
396ccbc2-c163-47e3-8204-dba742d5ae52,Judy,Larson,Austin.Howe@hotmail.com,female
e6cae95b-e429-4ed1-b6b0-9d12bb019f2b,Dayana,Schulist,Garth.Hahn@gmail.com,male
c6049b60-f331-49d9-9d05-ae5d29297c94,Carroll,O'Kon,Caesar91@gmail.com,female
35998f4d-c98b-4e73-9cba-f402dea959e4,Gloria,Skiles,Brooks_Herman@hotmail.com,male
e541cfc7-3279-436c-9468-2776db05f9f8,Porter,Kerluke,Burnice.Watsica@yahoo.com,female
eff48b54-84c2-4c40-8417-c3efd92c9155,Jarrod,Schimmel-Walker,Raleigh.Waelchi51@hotmail.com,female
971748fc-cb3a-4249-af5a-219926e61ec2,Christy,Erdman,Dayton_Mayert@yahoo.com,male
c68dcd26-32b2-45ba-bc67-3fdc10053ee5,Ellen,Medhurst,Eulalia.Kerluke-Bradtke@hotmail.com,female
a7bb4a81-8d58-4a83-8ad7-b6f1379b39a6,Rebekah,Bayer,Victor.Hamill@yahoo.com,male
6cace2aa-e56a-4c7f-8950-aa2a4a5097ae,Desiree,Brekke,Genoveva_Koelpin3@hotmail.com,female
27405ad8-a883-459e-9b7a-f451bef87e81,Jeffry,Zemlak,Braulio_Kulas@gmail.com,male
2740ed2c-d88b-4c48-b043-39dee846eb66,Hardy,Hettinger-Mayer,Rafaela.Hintz@yahoo.com,female
10d06710-0b97-4fd9-99ad-ecc9b62eafaf,Jesse,Olson,Fern17@gmail.com,male
1a918c12-c62e-4917-bc41-95eaabf8d643,Heidi,Beer,Cassie_Dickinson22@yahoo.com,female
80723d31-fb9b-4a73-8348-37e70b301733,Rolando,Brakus,Erin58@gmail.com,female
54009eaf-526d-41b6-9721-8e6b891b9dec,Clare,Gerhold,Minerva.Auer@gmail.com,male
801000a6-17c8-4f00-957e-3ef72b19b145,Laila,Wilkinson,Nellie_West@gmail.com,male
abfc5b4e-a276-4c7d-b05e-14b01673b193,Demetris,Haag,Daphnee.Goldner@hotmail.com,female
abe51574-3b28-49e4-95d9-69443a901ee3,Beatrice,Barrows,Millie.Walsh@yahoo.com,female
f534b5d7-1033-40e9-b4df-beef66640176,Haylee,Langosh,Leora56@yahoo.com,female
9f170a4f-9bc0-4aea-a7a8-8967bfba2eea,Kaylin,Lebsack,Marco.Luettgen65@gmail.com,male
96706f35-e67a-4175-8365-e89a77d05007,Faye,Heidenreich,Deja31@yahoo.com,female
d4f2e837-4073-432a-96f4-b3f1ef7df07f,Genoveva,Stroman,Franz_Tromp@gmail.com,male
b1edf936-bd47-4bc8-a3a6-d30e80be1ee6,Francesco,Klocko,Flavie0@gmail.com,male
e153f7de-4cb4-453c-9973-75ee021db64d,Diego,Steuber,Leif_Stracke32@hotmail.com,male
df343753-7518-4c83-89bb-09c87a6aac6e,Anya,Davis,Roderick_Gleason@gmail.com,female
ad211173-3a8c-4633-99d4-ce36923e913c,Felicia,Rippin,Gudrun_Medhurst@yahoo.com,male
33479da5-eae6-4921-ac3e-12a50dea71e0,Edna,Kassulke,Marcelino_Beatty93@gmail.com,male
8041d597-bb6a-4ba9-a4ef-47468f9552fe,Jonatan,Hackett,Kayli.Wolf@yahoo.com,female
e05a81df-f53f-4922-a812-03565b6b965b,Oleta,Schmidt,Emmett.Boehm42@yahoo.com,female
0eddbb38-6b76-4cc4-91f3-439493deac08,Alexandra,MacGyver,Katlyn_Abernathy38@hotmail.com,female
9729a38b-7a13-4964-9385-cbd601d7d418,Fernando,Kreiger,Forest_OConner86@gmail.com,female
bd7da5d9-39f2-4a7c-922d-64e72f7b15ac,Brandt,Schinner,Christopher.Hettinger@yahoo.com,female
75942be4-3e8c-4874-9a51-443a3d0a3e87,Samson,Farrell,Jan0@hotmail.com,female
a06b0eef-581d-43a5-a238-a269e6b6ee06,Lexie,Windler,Ford37@hotmail.com,male
976dd463-f6b0-41bc-b810-362cc116b8db,Angelica,Langosh,Kayla.Skiles66@gmail.com,female
940b794d-c0cf-49a9-beb9-a929b8935909,Romaine,Strosin,Maryam30@hotmail.com,female
c2e31d79-727e-41c1-b8bc-722912c335f2,Clementina,Miller,Dedric94@yahoo.com,female
7db4f5be-4687-471e-b5df-7ba6383d0cea,Jessie,Beier,Brody.Wolf@hotmail.com,female
6a733cc8-277a-4b24-84e2-b79c583409db,Julia,Wintheiser,Marielle48@gmail.com,male
9a0c57e6-9136-47a8-8e58-09084ec6b116,Eli,Schinner,Emmett.Mertz19@gmail.com,male
9372a630-2dfe-43cf-a5fa-a4170de7a914,Alda,Johnston,Annie.Goyette19@hotmail.com,female
70fce3d1-a67e-4e13-a0e9-f8d2c6792076,Melisa,Mohr,Odie_Bartell@hotmail.com,male
3f6f5bd8-f3c3-420a-be8e-0a383772534e,Francesca,Schimmel,Forest.Mosciski@yahoo.com,female
fa5c4c8c-0ddf-4a88-83e6-cc86db2e59f1,Derek,Wisozk-Blanda,Candido_Bergnaum@yahoo.com,male
eec2aebf-2aa1-46d7-8eff-557da290a109,Marielle,Shields,Jamal_Wisoky35@yahoo.com,female
2647ad71-a4a4-452f-bceb-5a8af62aba0b,Silas,Weimann,Horace21@hotmail.com,male
9420ac80-7cfa-4928-9ff4-5f8632623097,Gennaro,Bergstrom,Izaiah71@gmail.com,female
82c2bdca-463f-43e2-ab3d-0fe1d575f346,Madyson,Fisher,Jed16@gmail.com,male
5edb5832-8888-4d13-8d9f-d905f0eccfe1,Alexie,Terry,Selena99@yahoo.com,female
8f5747c2-9a7f-4ce8-83f3-b8b016d41d16,Billie,Schowalter,Bennie_Jacobs@gmail.com,male
aba2f372-b3d0-44c4-be3e-2fb78fd2784c,Rosalind,Bernhard,Porter.Osinski31@hotmail.com,female
6df7ca17-a335-4ebe-839c-1cd784d8a68f,Duane,Klein-Dickens,Chadd.Lind@gmail.com,female
b8236139-ce8a-4f23-af26-9c77f27a3203,Winston,Hudson,Claire_Ortiz92@yahoo.com,female
eaf2e137-dcdc-4655-b26e-3dfe644694c2,Lulu,Hagenes,Estell.Gibson@gmail.com,female
33cbeeaf-720b-4f4d-b2f6-44837aa51cee,Lavern,Berge,Dashawn_Miller@hotmail.com,female
72e45f29-dcc0-4693-af54-cd13af8ae445,Evalyn,Welch,Kayli.Roob8@yahoo.com,male
bc84edcc-0b81-4581-947f-1814b0b9607f,Ariane,Skiles,Sage_Schmeler93@gmail.com,female
9424618e-a3c2-4870-ae4d-a1bf161e70fb,Jeanette,Koepp,Charity65@gmail.com,male
9ad69270-c38f-42cc-afe7-4dd547da9167,Robyn,Hahn,Asha_Lindgren@yahoo.com,male
43e6662b-95c2-4929-af07-db4b522619c5,Shyann,Wehner,Allison_Schuppe74@hotmail.com,male
138f99f5-6f9b-410c-98da-9812ad08cc51,Enoch,Waters,Jessica33@yahoo.com,male
8ab296ab-d7da-4cae-a753-3706d0673e36,Elisa,Hoeger,Herminia.Ullrich@gmail.com,female
fed7f7d4-c42d-4057-995f-4c0a22ad4e8c,Gerda,O'Reilly,Seamus.McClure@hotmail.com,male
cee01739-f47d-47ff-95c5-be01493b8b9d,Vanessa,Hermann,Sadie.Bauch36@gmail.com,female
f968d113-715c-4b81-8447-49b941b7b1db,Flavio,Raynor,Arnulfo65@yahoo.com,male
228ac8cd-f904-4105-b2a2-4342fc44b4bd,Robyn,O'Kon,Johathan_Lynch83@gmail.com,male
d1fdbc06-2a29-4f02-bbaf-944db9c9d502,Nova,Erdman,Alejandra33@yahoo.com,female
c0e5b333-226b-4be6-b710-23b529d08add,Kieran,Lehner,Magnolia.Mertz65@yahoo.com,male
406fbc87-b0a2-4663-a4db-756d83a7e60b,Alfredo,Farrell,Francis.Bosco87@yahoo.com,male
5515dcce-e576-4043-ab06-f664be5157b6,Jermey,Reinger,Shanie41@hotmail.com,female
e10dca14-0edc-4d7e-bc97-eb958f8c789c,Nannie,Sawayn,Mark.Predovic95@gmail.com,female
2ae5ff24-f6ab-46e0-8974-292761962ce1,Gage,Williamson,Camila67@hotmail.com,male
f06e3331-39ac-4ba0-afdc-61cfe4050f3e,Jessie,Johns,Carlo82@hotmail.com,female
93530400-371c-4273-b602-d301bbc56702,Judah,Bode,Velma.Grady@yahoo.com,male
e6cfb8ca-abad-4e49-8487-1e00641f78a9,Jean,Kessler,Lyric91@yahoo.com,female
569bd979-cd7a-43e4-90df-cfd1ca82c6f9,Dax,Klein,Nicholas.Ankunding@gmail.com,male
a1aea979-ba07-4e87-8ab7-52b2fdd5be06,Carissa,Boyer,Casper33@hotmail.com,male
42232090-55e0-4643-a899-f25dfaf516a8,Katrine,Hagenes,Curt.Lockman69@yahoo.com,female
7abca558-133e-442d-8369-d32fbe09d3b4,Sabina,McClure,Kendall_Heller@gmail.com,female
f50c16ff-8200-49a8-b513-4c8495c55c08,Flavie,Wolf,Adalberto_Yost@gmail.com,female
67fabb11-327a-4339-9db1-d4cebb17ab75,Gianni,Hermiston,Haleigh42@gmail.com,male
98544535-9a43-4d20-a5e2-aa5151a448af,Ted,Muller,Dwight_Cremin-OReilly@yahoo.com,female
8233f95a-4265-4995-990b-3e666d0f1e11,Maynard,Haley,Kris.OReilly@hotmail.com,female
0127a71e-88be-4ada-9453-fa0a6843606c,Florencio,Watsica,Earl.Goodwin25@gmail.com,male
44b28055-3a87-4ee1-a539-032535d9c036,Domenic,Stracke,Zoila.Kilback77@yahoo.com,male
f79ce707-bf0e-483d-9af8-560804d4d7da,Ryann,Krajcik,Gennaro.OConner@gmail.com,male
efd890d1-2d01-4caf-90a4-300e5f529668,Dorcas,Leuschke,Pearl.Swift91@yahoo.com,male
31db993d-d2ff-4d64-b022-fe03977bd021,Bria,Simonis,Elton43@yahoo.com,male
f971cbc4-c468-4029-a141-bb3d08d7fb54,Salvatore,Hickle,Joshuah31@yahoo.com,male
98f6e668-cd89-431a-a262-7d44a36213cb,Malcolm,Gutmann,Jordy35@hotmail.com,female
c9d93aa6-ba47-42f2-a776-be35c0b80c37,Veronica,Gibson,Beau.Heaney@gmail.com,male
8e51263e-331c-4b61-b518-2489f38d25c2,Aleen,Steuber,Linnea98@yahoo.com,female
4a7bf870-4778-41a9-bc75-5824477a5434,Walker,Bergstrom,Maxie.Turcotte18@yahoo.com,female
66216d4a-add1-40e6-80b4-0a3e404577b0,Vada,Kohler,Caterina.Cronin-Dare@gmail.com,male
dcfaeb66-e569-498d-8df0-f5df4bc0cc44,Edmond,Walker,Roel56@yahoo.com,male
f35e51d5-ecb6-4b0e-8220-e5c68b034e11,Molly,Dach,Timothy.Braun-McCullough@yahoo.com,male
9bae74c2-7b60-47c9-9172-dc04262f3abb,Jazmyn,Brekke,Olaf.Rempel96@yahoo.com,male
15c9b2e6-3860-4682-8ef8-75465b969b15,Nicola,Hilll,Elnora_Fadel@gmail.com,female
cb80d433-fefd-44d6-b406-1712046f5bea,Lacey,Mohr,Larue47@hotmail.com,female
307f17e6-29e0-4eb4-ad45-44fd8985f35b,Gilberto,Dickinson,Anne1@yahoo.com,male
4b9e7c23-530f-4aa9-be15-d0e4cca28976,Michael,Bailey-Schaefer,Enid.Deckow96@yahoo.com,male
838d63e7-9fd5-4964-b993-aa78521ead87,Tyreek,Parker,Lloyd67@gmail.com,female
0d0674d3-5d1c-496c-b6aa-bcb378349811,Colleen,Schimmel,Fiona_MacGyver@yahoo.com,male
b8a313fd-5ff1-4a40-91ac-799c9a4b1654,Rosanna,Bruen,Aileen48@hotmail.com,female
3b388149-af62-4e94-acff-3e0063711608,Lennie,Price-Heaney,Nadia63@hotmail.com,female
84e3b167-d470-4a1d-a0e6-ed21fd96dd16,Vivienne,Friesen,Jefferey.Flatley@gmail.com,female
a5eec156-a0ca-40bf-8d69-3575d5422bd4,Lauryn,Grady,Jay7@yahoo.com,female
1a70a4d0-15c7-4737-90ad-1df7eced5c25,Rylee,Greenholt,Lula_Hodkiewicz@gmail.com,female
3caf815c-46fc-44d9-9d13-f6f15245e692,David,Borer,Roderick.Keebler65@hotmail.com,male
9e1c0bfb-121c-4f87-8eb6-aa4d99a23821,Olin,McLaughlin,Reva.OReilly@gmail.com,female
aa34eb0b-597f-4cb8-a81f-3ceb22468649,Hayley,Tillman,Eldridge76@gmail.com,female
fd6fa7b0-5817-4a01-8599-ba05269d112c,Manuela,Johns,Immanuel55@yahoo.com,male
d02f8003-121d-43dc-a06c-190df5bedcff,Kenny,Harber,Kathryne_Torphy@hotmail.com,male
b4f169f2-497a-4055-b111-2f6c71097435,Kaia,Jakubowski,Patience34@gmail.com,male
a96e7789-835c-4ab2-b569-d4540ad403b2,Sam,Weber,Cletus.Thiel27@hotmail.com,male
9826862d-a52d-401c-b77a-e0cc3a1ab16b,Jaleel,Stark,Lawrence_Gleason@gmail.com,female
be27743b-2a37-461f-88bc-2b2c7159d39c,Gabriel,Huels,Antoinette.Leuschke@hotmail.com,female
848b47e0-c275-4a34-9b38-73ef9ddb5b6f,Dominic,Cartwright,Cristal.Schowalter28@yahoo.com,female
cdba0d90-48df-4782-aa3b-2c0fe59cda36,Ruthie,Schuppe,Princess17@hotmail.com,female
8f86b190-3bf8-478a-8a41-61472b926ab3,Alessandra,Goodwin,Karlee_McDermott35@gmail.com,male
8e61dad1-224a-406a-a0be-f3613a06c421,Lane,Lindgren,Albin62@hotmail.com,male
93eda3dc-bfd6-4ccf-b6ea-694fa4da4a5a,Kenyon,Heathcote,Keeley.Kertzmann@gmail.com,female
18aabdcc-8c77-4977-a3cb-30b8de9dcd03,Lesly,Deckow,Fern.Cremin@gmail.com,male
ac89d423-429f-4002-ab09-c1cd64254999,Bailee,Olson,Eleonore.Raynor4@hotmail.com,male
805734cd-5018-4f0d-b82b-708377e91e5f,Clifford,Hoppe,Jody34@gmail.com,female
f0fca676-fb0f-4b41-a346-232af17bb5c9,Lorenzo,Sporer,Rebeka_Shields@hotmail.com,female
957697e7-01b1-4461-8820-6f7b81bfcdc7,Wilford,Weber,Ollie82@yahoo.com,female
93fb8278-ea42-49b1-9237-6d56ca39cf0d,Noel,Hessel,Kolby_Morissette16@yahoo.com,male
03c8a9b8-dd47-40f5-b7f9-8d37831aebb4,Joana,Jakubowski-Macejkovic,Giovani88@hotmail.com,female
0fa98a97-f39e-4a9d-bcbe-fbf50eb2d683,Cary,Sauer,Rowena_Franecki@hotmail.com,male
a0248bd2-c193-4562-a9fb-f7a4ee85b7a7,Moshe,Bechtelar,Carolyne9@hotmail.com,male
eea01bc7-7dd9-4467-a1b5-a3a31784d5c8,Jarrell,Dicki,Jamar0@yahoo.com,female
d50feb16-29f6-48be-8144-abff518ebacf,Roberta,Koepp,Cora86@yahoo.com,female
5526dab9-a853-41ec-b75c-bb2aaa22b187,Oleta,Kovacek,Earnest_Lubowitz76@yahoo.com,female
9f2d52f3-82e1-4b71-8583-bb9a80e015f0,Agustina,Howe,Camren44@gmail.com,female
5236b67b-d871-4d2d-bb26-457ca3295012,Mallie,Prosacco,Don17@yahoo.com,female
b57c80fc-041e-48f0-87f8-2319234cbb4b,Marjory,Nolan,Estella.Beatty30@yahoo.com,female
0cde9e16-72e7-473c-bc8e-d4b1a0b3bbd1,Kaylee,Lehner,Jay_King@gmail.com,female
b9dc066d-e0f5-4cd2-bb7e-2413342d28e1,Lourdes,McLaughlin,Luis43@gmail.com,male
da31375d-f09d-4292-b3aa-962ee7645483,Luna,Gottlieb,Imelda.Stark92@hotmail.com,male
6d3bc453-8e73-4d31-a500-5d146c3742de,Ervin,Roberts,Junior58@gmail.com,male
a22f5bbf-d157-4cd4-8638-2287325044f2,Graham,Borer,Edna.Schuster@yahoo.com,female
4c24fd5e-171e-4727-aae1-d6461c353bda,Hazle,Kuhic,Jacynthe.Rowe@hotmail.com,male
87d6bc97-ab22-4fb1-9c9e-7ee951f156c4,Polly,Walker,Earlene_Kautzer@yahoo.com,male
7361a6af-774c-420d-acb9-ab408f4c3b2c,Nils,Herzog,Eldred_Christiansen-Hagenes@yahoo.com,male
981c2eec-c1a6-4c9b-95b1-74a0c88e1e2d,Antonio,Mertz,Jerad.Morissette68@hotmail.com,male
9b45dc1b-f0cf-4eb7-8c3b-0d8c2bb1e750,Joan,Littel,Karelle.Hane92@hotmail.com,female
af232379-64a0-4391-a66c-d108799c9755,Lindsey,Will,Lexi.Cummerata@hotmail.com,male
dfcdb270-2f0b-4442-ba71-f1d5c205e7aa,Ladarius,Berge-Deckow,Ricky_Lebsack22@gmail.com,male
59366f2b-2767-4be7-ab2c-97ad0ec593ed,Alexane,Fadel,Ruth64@yahoo.com,female
1f56cffa-9de9-4b17-bb56-e44101122a54,Alyce,Hyatt,Antonia_Bogan@yahoo.com,male
86566720-1587-49e0-b6f1-ac2bdb2c04ac,Vern,Lind,Esmeralda_Kunde@hotmail.com,male
233e58e6-7928-459f-9a32-bdbcada996fe,Aniya,Rodriguez,Bruce_Hahn51@yahoo.com,male
b8105cea-ed7e-4f1b-b382-ed0198c74639,Freda,Tillman,Lucas.Collins96@hotmail.com,male
0d38a3af-33b0-410b-81d2-4edc08bb813f,Kolby,Fahey,Lessie.Schmidt@yahoo.com,female
b3a43255-869e-44ca-8096-47e7de66631f,Ayla,Rippin,Bettie.Orn@yahoo.com,female
46e0dd4b-1c8b-43ab-8233-1641414d9f7d,Jalon,Rohan,Darby48@hotmail.com,male
fa2666fc-548d-43ea-a983-551daa126975,Karelle,Crooks,Jewel_Macejkovic77@hotmail.com,male
4687ee36-2ec9-406f-b294-908afe929d20,Bryon,Casper,Horace61@yahoo.com,female
e679d6b1-ee1b-4795-a640-6dfc8e37ff6c,Braden,Walker,Rosina46@yahoo.com,female
dadc435b-1235-48cb-be36-07ce884ee505,Ila,Trantow,Mya.OKeefe12@gmail.com,male
e8a2fe87-6091-4cbd-8729-11769f4a58e2,Virgie,Kerluke,Aliyah.Schmitt@hotmail.com,male
b62c578b-0d09-464b-ab4f-4714c56c6125,Vincenza,Lang,Dovie56@yahoo.com,female
6805412b-c67e-4470-a0cf-00dd40645107,Natalia,Wolf,Vaughn69@yahoo.com,male
04d8b2f5-3136-49f3-ad97-d698620c5991,Carolina,Hand,Alene14@yahoo.com,female
dbd9723c-4300-46cf-9575-395722676575,Ansel,Feeney,Alicia.Purdy@hotmail.com,male
35f5010a-3117-4e03-b1aa-eadce66307fc,Henri,Hagenes,Max_Kunze80@hotmail.com,male
35813260-a043-40c8-a260-9db93abc83ee,Aniyah,McCullough,Shirley63@yahoo.com,male
5c8e9ccf-b38d-4cd6-b6f1-cf57eb6edba6,Velva,McClure,Sandy.Upton0@yahoo.com,female
e1f3c442-8045-4a14-b39e-b3d2d1d9bed4,Crystal,Pfeffer,Lilly_OReilly88@gmail.com,female
9343868a-4718-4eea-afb8-12a28abf61f1,Daryl,Kunde,Francis.Witting@hotmail.com,female
4e102079-fec7-4cd5-b2ae-e29ad564f5fd,Nicolas,Von,Pinkie61@gmail.com,female
bdaeef27-5e66-4ae8-b690-7659871aa0ab,Aniyah,Dibbert-Quitzon,Vella.Lehner36@hotmail.com,female
adc809e9-f1dd-4649-9a7a-2660513807f9,Michale,Collins,Lera93@yahoo.com,male
b7720c76-ff41-49b8-97f9-8ed192ab862f,Dandre,Crooks,Herbert.Armstrong@gmail.com,female
91745662-7abb-4146-9bec-cf73eca2f209,Antonio,Runte,Jamal75@yahoo.com,male
4cf07b03-07ab-4222-9810-5968d67f9a9d,Davon,Johnston,Anais44@hotmail.com,female
5ab7dd1d-503e-45cc-a6ed-051e2bac670b,Crystal,Goyette,Abagail.Blick@yahoo.com,female
510f1900-d08f-4d2d-84b7-f83131354207,Domingo,Walter,Casimir_Upton69@gmail.com,male
eed56b9a-6018-4b81-9d84-a03f5afb23fb,Jamie,Towne,Laney.Tillman@gmail.com,male
e8e20c93-bfbc-4973-b1e9-c40d8cf6676e,Mya,Toy,Olen50@hotmail.com,female
e5c5606c-2f83-4cc0-b439-5366569f9c44,Keith,O'Hara,Carter_Herman72@hotmail.com,female
99af69ca-ca97-405f-ac76-66cca79a5e39,Kaleigh,Denesik,Zoila2@yahoo.com,female
d199686c-568a-490e-bbe4-bf3756de6807,Brigitte,Spinka,Nicholaus24@gmail.com,male
a5817270-465e-4fa4-8b83-c791f558e489,Titus,Kessler,Jordan.OReilly73@yahoo.com,male
7e3cf7f2-db71-4899-921f-37acb4465c05,Markus,Bogan,Ashton53@yahoo.com,male
a9934c06-a121-4255-8a5a-f8420751bf9e,Jocelyn,Kerluke,Kiera.Hagenes@hotmail.com,female
426a1f87-2dc2-40da-8c9a-96c84b96a87d,Wilmer,Shanahan,Harmony27@yahoo.com,male
97a0a69c-271d-4bd4-9206-3512744133f9,Anastacio,Nienow,Chyna.Beatty32@yahoo.com,female
ca072f15-bc44-40c0-bd4e-594e34843ffe,Wellington,Nienow,Ardella_Flatley0@hotmail.com,female
e61e79c6-c74c-4f57-939f-6a0b951e7980,Winona,Funk,Roberta.Herman@yahoo.com,female
5cd241b5-ebbf-4a7b-9de6-f25793ec9b18,Christiana,Becker,Grace_Jones55@hotmail.com,female
ad036b08-c75d-4580-9f0c-d22feb94259e,Adeline,Davis,Albertha.Corkery56@gmail.com,female
30f88c96-4600-4c63-b1f6-da3fe1b6d7c4,Dillon,Price,Jennifer_Thompson12@hotmail.com,female
93d5dc3d-a156-4cfc-a32a-1e28a4114f60,Amos,Bailey,Kaitlyn_Hartmann@hotmail.com,female
0c5c40b2-d990-41bc-8544-c94b564a0003,Lucienne,Howell,Orie.Feil-King@yahoo.com,male
6bedc810-5c1b-40a3-a1d8-9b83d6217ac1,Adrain,Mraz,Blaze_Quigley35@gmail.com,male
4b1de047-b05b-4d94-bf92-ed72e761d111,Catalina,Braun,Efren_Altenwerth51@gmail.com,female
0cf5ef73-b242-4503-8060-491751b9f6a5,Ernesto,Heller,Donnell_Hilll40@gmail.com,female
f1cffb36-9e97-43dc-a41a-086de2bba702,Rosalinda,Leffler,Zoey_Kautzer44@gmail.com,female
e623b820-eb49-46c1-b6d3-87b0076be0f5,Deanna,Schroeder,Candido_Rath@hotmail.com,female
20707e60-3f44-4b14-8189-3927563ab7c8,Merlin,Hermann,Henderson_Fahey@yahoo.com,female
a4168889-f091-4d4c-bde1-492f7eae54b9,Kennith,Bradtke,Elda.Lesch41@gmail.com,female
305c42e8-9cc6-4570-8e5d-601ef38311eb,Delfina,Lemke,Antwan_Jacobi@gmail.com,female
80351db3-252c-4007-be47-b92cc8b63e9b,Anabelle,Wiza,Cassie23@gmail.com,female
c7935c57-77da-457b-b418-bac7cf77a9aa,Julie,Waters,Yolanda.Lind@hotmail.com,male
c42797f8-0e22-48f9-871f-ca4a0ec2a5d5,Janie,Flatley,Jermaine_Homenick-Rempel52@yahoo.com,female
4d3c1411-6732-4b64-9582-872437d01c6f,Nona,Fahey,Hal20@gmail.com,female
f9a4cfa0-b96c-4a95-b3f4-f2cf813edf63,Marcella,Zieme,Rosalia_Cronin@yahoo.com,male
3ae886b6-148c-4101-863f-6ad6a281b01a,Elinore,Crona,Kade43@yahoo.com,female
6d89b249-5f21-48fe-a455-f395d65edf93,Frederique,Becker,Lamont_Smith@hotmail.com,male
dbdd9fea-1699-428d-9d88-f055d1308552,Tania,Upton,Robin_Schmidt18@gmail.com,male
f6874da7-1577-4ea6-8b74-77442fa0900f,Chaz,Cartwright,Madie94@hotmail.com,male
9c97418e-04db-4394-ae46-cd5c1f36b615,Ralph,Sanford,Ayden.Willms@gmail.com,male
27572dba-367a-4eb0-9af9-13ed79618067,Jeramie,Senger,Lilyan93@gmail.com,male
7e83f00c-61de-4560-ace0-4d89123c335f,Danyka,Pfeffer,Jesus_Spinka@yahoo.com,male
146a9b50-44b3-4604-b5d7-26dc0e61c156,Juliet,Fisher,Virginia_Carter@gmail.com,female
c5a722d8-a71e-449b-a3fd-923617315736,Jamar,Lueilwitz,Anais.Lemke72@yahoo.com,male
4437f6b5-ab09-48df-bc9c-390b22afc1af,Jazmyne,Ryan,Arlene_Barton84@yahoo.com,male
d34ea7e4-62b5-468b-a8c3-f0480292fc20,Cleveland,Bartell,Kaia12@yahoo.com,male
990e3818-b187-4b24-90ba-7efcd7d9a96f,Tyrique,Haag,Darlene_Kirlin@gmail.com,male
4bf4e08c-3403-44bb-85d7-38636fe0f2c8,Sydnie,Goyette,Edmund.Gerhold65@yahoo.com,male
dd4082f0-8f33-4ad5-8358-55c0a3be27f4,Cora,Lehner,Zetta_Mills@yahoo.com,male
60d7f4f7-7f45-422e-94d3-9992ca56b04f,Carole,Heaney,Shanna.Bogan@hotmail.com,female
349fa10c-671a-4d84-9f08-41731675a951,Eleanore,Leuschke,Jamison_Kihn@hotmail.com,female
33e17cf2-5c91-4134-a262-e0c8abe6916d,Alanis,Parisian,Mya.Hoppe@hotmail.com,male
15aaa913-8bdc-436f-8e33-a801b87c5cc2,Keshawn,Sanford,Orville_Yundt29@gmail.com,female
724a0bd9-a50a-43b1-a048-0cc08879b9c6,Avery,Nikolaus,Alexandra_Reinger77@gmail.com,male
f28727f7-fae9-4958-b166-8b5c35bc001d,Hank,Waters,Adelia.Ferry32@hotmail.com,male
6ca8c37f-7375-4a9c-aa9c-88666acce02b,Rebeka,Boyle,Allen.Flatley65@gmail.com,female
e6123f1c-0619-44c5-8e1f-0814ffc5da2a,Mireya,Wunsch,Joaquin50@hotmail.com,male
3ada1d9a-82c3-411b-9894-5bed7b4c0b1d,Ali,Becker,Davion.Runolfsson46@hotmail.com,male
7f5cf010-8116-4ad3-ab52-78efd35fc717,Solon,O'Reilly,Ryley71@gmail.com,male
92ed7778-f36c-43b5-9ba2-dee7cb2af741,Henderson,Rippin,Maddison_Morissette-Schinner@hotmail.com,female
b1c67dc4-dc43-45d7-80c7-55c4b6fbbc98,Lawson,Johns,Dortha_Durgan0@yahoo.com,male
b289b002-a015-4673-88e3-95754a37c888,Shaniya,DuBuque,Mona44@yahoo.com,male
e8030ba6-273e-4236-b60a-7ff74f3d463d,Gilberto,Tillman,Arnaldo55@gmail.com,male
3a870668-0b8e-4449-a82a-ddea47b40813,Eriberto,Swaniawski,Marjory.Koepp80@gmail.com,female
bdc69b9d-a006-4c08-ba57-0a4f8827edce,Presley,Roob,Ezekiel.Willms@hotmail.com,female
fb57d015-4364-4eda-8335-fb53fe59cb2d,Vicente,Grady,Dorothy63@hotmail.com,male
c6df11f1-c809-4a01-817d-984c3e5f6f09,Bernadine,Lowe,Hilda.Goodwin@yahoo.com,female
5ff9d41a-cc7a-409b-8742-902b0790ad3d,Ted,Cruickshank,Orlo_Feeney72@gmail.com,male
e0bba1ef-63b4-4a52-9510-d0a9317edac0,Rod,Hyatt,Major_Grady@gmail.com,male
8efa7ced-64c5-4730-a3cc-005f88ff5535,Elizabeth,Gulgowski,Cloyd.Tillman@gmail.com,male
e97cc5a8-08d0-4a42-867d-38a49c12f8bc,Brown,Schultz,Tanya_Hessel11@yahoo.com,female
bc1c1c02-ce7d-4186-a1c1-3600e3f63cf7,Felipe,Moen,Margie.Toy@yahoo.com,female
caf8709e-21cc-44d9-9c63-331ae5a5416e,Micaela,Farrell,Harvey27@hotmail.com,female
099fb035-1659-448f-8ffb-e61bf6d583b3,Felicita,Olson-Durgan,Rodger63@gmail.com,male
baebf92d-615a-4014-80b1-afa5203fadb6,Lolita,Murphy,Domenica_Donnelly71@yahoo.com,male
05ae1dd3-83d9-45c4-8dd2-63b26d0c6648,Montana,Boyle-Ferry,Nasir_Walsh@hotmail.com,female
5f88cbda-918c-47a1-9078-44daf946e35a,Natalia,Keeling,Verner49@gmail.com,female
c32230ee-9ff7-4640-8031-5eb63fb2746c,Chasity,Schulist,Rosalyn_Kuhlman@gmail.com,female
30d480e5-3412-4b39-844a-0405b4788bfe,Rebeka,Jakubowski,Reid48@gmail.com,male
8475697f-6075-4179-a050-2a9106cb5af1,Skyla,Feest,Arlene_OKon12@yahoo.com,female
2732f30c-a7e6-4260-a74b-fc3bf84ddee4,Maudie,Nolan,Jacey_Schmitt84@hotmail.com,male
6ec82537-a6c8-4ba2-a0bd-77f6c9a2ee9f,Mason,Schroeder,Layne_Christiansen24@yahoo.com,male
24a3c331-259e-43e3-8dcd-259ae7e67ce5,Dameon,Quigley,Edd.Rogahn45@hotmail.com,male
b0112878-975d-4240-9507-8493be7ecafe,Bettie,Davis,Arnulfo_Goodwin45@hotmail.com,male
df6fd759-78dd-47cc-b204-9ce4401e753c,Jarrell,McClure,Monica_Kshlerin@gmail.com,female
8786733b-4c3d-41c2-a3a0-076dcc8b3c51,Enoch,Kuvalis,Ari.OHara61@yahoo.com,female
47ca5cf8-6cbf-447b-9c97-f47ed60b6815,Antwon,Murray-Rempel,Amara.Collier39@yahoo.com,male
808972dd-f381-4219-ada8-d159982b65b9,Cali,Mann,Katelyn68@yahoo.com,male
f1e3079b-dc2a-4d00-9d0e-2f57b42ef9ee,Zander,Hills,Destiny31@hotmail.com,female
76b0588e-6448-43b6-bfa8-3a2b95502737,Abdiel,Hermann,Savannah_Bayer@yahoo.com,female
fbb28b0b-001a-41b4-9afb-4df9202b261c,Gustave,Rowe,Scarlett97@yahoo.com,male
1a0e233c-1ace-44db-b5b2-5dfaf7f51d75,Leanne,Kassulke,Paris.Wolf@yahoo.com,male
2f4206f7-8844-4b2c-bd51-bd78fb255af4,Mercedes,Hegmann,Zane.Frami@hotmail.com,female
7070c2bf-641c-4cd7-9b19-fa7aabf1e752,Kade,Pfannerstill,Aliyah53@yahoo.com,female
f9407c93-eefd-411b-87cc-c7135e883b01,Theron,Paucek,Kennedy.Rosenbaum@gmail.com,female
3c93f893-b43b-4723-a2f3-5fc79900c0d7,Dillan,Haag,Cristobal99@yahoo.com,female
0f366d00-6999-42db-b43d-2d68763e49f6,Emilia,Gottlieb,Delia.Will@hotmail.com,male
0d776034-1c25-4b4a-90ca-c3419e9fee4e,Hudson,Schmidt,Jannie.Hessel@yahoo.com,male
38f323b1-023f-4e13-be40-a36903081c98,Layla,Stehr,Immanuel.Howe@hotmail.com,male
6ee5c0c3-e0eb-4e35-be58-df3bc4e3535a,Nia,Kris,Pasquale_Turcotte78@hotmail.com,female
fd760322-32c3-45e6-9591-f8ca6cafef17,Raina,Beatty,Seamus75@hotmail.com,female
0a8ac806-b62c-4821-b216-8d1ee8d162eb,Delores,Bartoletti,Wallace99@yahoo.com,male
0bdde24e-5886-4505-a65d-97a69489f64a,Oliver,Sipes,Vella_Mann41@yahoo.com,male
357aff85-d93f-4036-8844-437f1b765a8f,Dario,Feeney,Danial.Lind@hotmail.com,female
69ed3b96-2129-4543-ab1b-5377d227935c,Mckenna,Jacobson,Alanis.Purdy76@yahoo.com,female
02f33e53-acc1-4068-b91a-09f657c3760a,Carleton,McKenzie,Nelle67@gmail.com,female
a311057e-efb5-4883-8932-097a57dd0653,Jovany,Kuhn,Irma43@hotmail.com,male
c04c6961-4766-44e4-a757-9eda5950b888,Abner,Wisoky,Jaquan46@hotmail.com,male
207c8ead-f500-4f5f-8840-48b44d28d0e9,Milton,Bogan,Sabryna_Wisozk23@hotmail.com,male
f064baaf-bed6-43dd-92d5-56ab400d7b81,Joannie,Heathcote,Otis22@gmail.com,male
53eb1dea-cde4-4e32-8864-79fbd9585a39,Edyth,McLaughlin,Anne.Heathcote27@gmail.com,male
ede761e3-f846-4a8f-87ba-cab935395e39,Reinhold,Huel,Marty.OConnell7@gmail.com,female
b89be1fb-ca6a-45ac-b2ad-c45e338270f7,Craig,Prohaska,Krista78@yahoo.com,male
24309bd6-44a3-4109-bbb6-694f06337b8b,Jeremy,Fritsch,Edison_Blick38@yahoo.com,female
023ef3aa-fa4c-4806-adc6-f097cd7cba6e,Sierra,Runolfsson,Javonte.Welch@hotmail.com,female
403460c5-7727-4068-a023-9af70aad9e7c,Fannie,Effertz,August23@yahoo.com,male
71c01b4d-0032-4c2f-9f52-5f084ce01fc2,Cristina,Jast,Serenity4@hotmail.com,male
2db0cab0-c045-46b6-811f-cf9a82c95fdb,Seth,Schuster,Price57@yahoo.com,male
0f4439ca-8406-423d-bb76-20320f5f072a,Keenan,Lubowitz,Roscoe.Rolfson55@yahoo.com,female
6f3cf024-f521-468e-a427-e91ab0f15e4c,Everett,Mante,Gordon_Heller@hotmail.com,female
10cadfd6-d7dc-404c-a191-4810a6b4ac1e,Marina,Reichert,Shea_Lang4@gmail.com,female
acfd18a2-ae37-4f0e-8dc9-9c0b7fda9172,Nya,Romaguera,Justice.Kling56@hotmail.com,male
e91666ac-a32d-4bb3-8d40-736b3b4954ad,Delta,Hickle,Jesus.Gleichner44@hotmail.com,female
38a2c683-bc04-45b6-9b5f-a97255822627,Einar,Altenwerth,Elissa_Block11@yahoo.com,male
568140ab-aa2a-4c3c-8139-29b102027841,Dave,Christiansen,Carli50@hotmail.com,male
ec5fee0f-364d-4e9a-9e00-33228fc23219,Dean,Schamberger,Michale_Bergstrom@hotmail.com,male
5e4bcc29-9a92-4c23-b29f-546bf2726496,Libbie,Stracke,Juanita88@hotmail.com,female
cd82998e-36f0-410e-a4c9-e3dcb5f65a94,Joanny,Adams,Melvin.Farrell@hotmail.com,male
b9f13e1f-5cbc-4a53-8dc5-209c637cfade,Seth,Haag,Zoila.Emmerich-Kreiger31@yahoo.com,female
3b08d560-97ec-4a62-8669-012ced24d243,Deshawn,Wunsch,Bernie_Brown-Crona49@hotmail.com,male
9123cb17-c1f0-4265-a7e2-84949c25d836,Dayton,Upton,Howell_Bogan30@yahoo.com,male
8ae30a3f-023b-4cdc-9f89-5644bfc8377c,Orrin,Dibbert,Garry_Kovacek-Beer97@yahoo.com,female
7e3732ec-643d-4c0d-9d86-567ed472171e,Tania,Hodkiewicz,Benny60@hotmail.com,female
c1e101aa-feed-4514-8a2b-f9c29dec4919,Meghan,Robel,Mitchel58@yahoo.com,male
81c31971-40d8-4c0b-ad48-406aab6dfdd8,Michael,Abbott,Alba78@gmail.com,male
5a7b18de-9d56-4812-bcb9-05eb3cf81c07,Gennaro,Stehr,Kiarra_Quitzon@gmail.com,female
e71896ad-9d09-4cbb-89d1-40451deaf418,Beau,Senger,Sage.Kiehn@gmail.com,female
7872e6e6-49ea-4b3e-aa4e-5b5f4786b55e,Mercedes,Wintheiser,Braeden_Haag88@yahoo.com,male
79b1b6f1-7445-49b7-91bc-9ddfd66241b2,Bret,VonRueden,Robert31@yahoo.com,male
65360d61-102a-4877-b8eb-084f4e065ae7,Sage,Homenick,Juliana.MacGyver@hotmail.com,female
b80842d3-5a53-4bf3-9735-1bc8652b0783,Cortney,Altenwerth,Kennith98@yahoo.com,male
df7e5268-fb2f-4df9-9d8c-2a852864d9d0,Joan,Senger,Ricky.Bins6@gmail.com,male
3123a42a-a7e9-471b-9aca-e1d8f34fdb3e,Lilliana,Lang,Alfonso7@yahoo.com,female
5ffe324e-9dc7-448c-8fff-3aa627ec14a9,Ewell,Goldner,Lois.Douglas@yahoo.com,male
da8f2b07-f879-4952-b2cc-179328466c90,Ova,Willms,Quincy_Schaefer@gmail.com,female
a3881d63-dabf-4c74-8764-f2e607c37d4a,Dorothea,Goodwin-Grimes,Claudie_Fadel@gmail.com,male
bfa70e84-a427-4eee-bbf2-73dcd66de688,Houston,Goodwin,Marlon_Reilly@hotmail.com,male
bde02484-cbe6-4ed5-9832-83a640f1367e,Vallie,Heller,Roosevelt_Blick14@yahoo.com,female
69919882-130c-4f7a-ba88-256eadf5be37,Cierra,Hand,Bartholome_Willms77@hotmail.com,male
473ab098-83d0-45d7-85af-8f344aec13b7,Jack,Stamm,Elaina_Ebert88@yahoo.com,female
1c62a57b-7d24-4547-b6b7-4aca1231913b,Noah,Wilderman,Sophie_Schumm74@gmail.com,female
53c89b29-019e-4382-a91b-382a9671d3d8,Valerie,Schimmel,Filomena1@hotmail.com,female
6830afaf-21b4-499a-be26-1ff2f1cfc81a,Nicholaus,Quitzon,Carey66@gmail.com,female
24ed5582-51ed-41b5-ad56-23ecfa415cca,Adah,Runolfsson,Amina.Batz73@yahoo.com,male
4178f2f9-f481-4a6e-bc46-0ff544d9f0f5,Carmelo,Grady,Dahlia59@gmail.com,male
90741103-fbb8-4b3c-9761-eacaa8dd75fc,Jamison,Dach,Megane_Jenkins@hotmail.com,male
b876bde9-a835-4c55-bd86-4eee8f63c1a2,Calista,Gislason,Oswald_Hoeger86@hotmail.com,female
477a25ed-d449-4826-a65b-029e7020f955,Krista,Zboncak,Cristina_Marquardt87@gmail.com,male
0e86cee6-f143-4bd6-9878-958d3ce3a2ae,Alanis,Goyette,Omer_Romaguera24@yahoo.com,male
762b9486-4c13-4912-b105-ba24c82e53af,Levi,Lindgren,Stephon_Russel@hotmail.com,female
c2bfed77-c708-44f1-a346-9ad550371555,Mariano,Kerluke,Cordie79@hotmail.com,male
34c2e565-61f1-4002-948a-4ea093ebe369,Harley,Leuschke,Sean_Bogisich71@gmail.com,female
b5abda21-6495-4c61-9f77-06ad20f08bc1,Carmel,Lubowitz,Juvenal.Hackett24@yahoo.com,male
